-- phpMyAdmin SQL Dump
-- version 5.2.0
-- https://www.phpmyadmin.net/
--
-- Host: 127.0.0.1
-- Generation Time: Oct 17, 2022 at 02:22 AM
-- Server version: 10.4.24-MariaDB
-- PHP Version: 8.1.6

SET SQL_MODE = "NO_AUTO_VALUE_ON_ZERO";
START TRANSACTION;
SET time_zone = "+00:00";


/*!40101 SET @OLD_CHARACTER_SET_CLIENT=@@CHARACTER_SET_CLIENT */;
/*!40101 SET @OLD_CHARACTER_SET_RESULTS=@@CHARACTER_SET_RESULTS */;
/*!40101 SET @OLD_COLLATION_CONNECTION=@@COLLATION_CONNECTION */;
/*!40101 SET NAMES utf8mb4 */;

--
-- Database: `css_order`
--

-- --------------------------------------------------------

--
-- Table structure for table `admins`
--

CREATE TABLE `admins` (
  `id` int(11) NOT NULL,
  `name` varchar(100) NOT NULL,
  `username` varchar(100) NOT NULL,
  `password` varchar(100) NOT NULL,
  `role` varchar(100) NOT NULL,
  `created` timestamp NOT NULL DEFAULT current_timestamp() ON UPDATE current_timestamp()
) ENGINE=InnoDB DEFAULT CHARSET=utf8mb4;

--
-- Dumping data for table `admins`
--

INSERT INTO `admins` (`id`, `name`, `username`, `password`, `role`, `created`) VALUES
(1, 'Gustaf Kusuma Pradana', 'gustaf_123', '20081991', 'admin', '2022-08-16 15:39:01'),
(2, 'Arif Setiawan', 'joni_css', 'joni', 'admin', '2022-08-16 16:03:12');

-- --------------------------------------------------------

--
-- Table structure for table `master_order`
--

CREATE TABLE `master_order` (
  `id_order` int(100) NOT NULL,
  `serv_status` varchar(20) NOT NULL,
  `entry_date` date NOT NULL,
  `req_scheme` varchar(10) NOT NULL,
  `tracking_no` varchar(10) NOT NULL,
  `po_number` varchar(10) NOT NULL,
  `part_number` varchar(50) NOT NULL,
  `description` varchar(100) NOT NULL,
  `qty` varchar(5) DEFAULT '1',
  `pr` varchar(10) NOT NULL,
  `aircraft` varchar(6) NOT NULL,
  `note` text NOT NULL,
  `vendor` varchar(50) NOT NULL,
  `repair_tat` varchar(100) NOT NULL,
  `po_date` date NOT NULL,
  `awb_in` varchar(15) DEFAULT '',
  `awb_date` date NOT NULL,
  `eta` date NOT NULL,
  `inbound` varchar(9) NOT NULL,
  `gr_date` date NOT NULL,
  `serial_number` varchar(30) NOT NULL,
  `serv_batch` char(10) NOT NULL,
  `date_store` date NOT NULL,
  `pn_out` varchar(30) NOT NULL,
  `sn_out` varchar(30) NOT NULL,
  `core_batch` char(10) NOT NULL,
  `shipment_order_date` date NOT NULL,
  `awb_out` varchar(15) NOT NULL,
  `awb_out_date` date NOT NULL,
  `core_cond` varchar(13) NOT NULL,
  `created_by` varchar(50) NOT NULL,
  `ca_date` date NOT NULL,
  `invoice` varchar(20) NOT NULL,
  `repair_cost` decimal(10,2) NOT NULL DEFAULT 0.00,
  `other_cost` decimal(10,2) NOT NULL DEFAULT 0.00,
  `total_cost` decimal(10,2) NOT NULL DEFAULT 0.00,
  `ca_app_date` date NOT NULL,
  `tat_po` varchar(4) NOT NULL DEFAULT '0',
  `sla_vendor` varchar(7) NOT NULL,
  `tat_gr` varchar(10) NOT NULL,
  `tat_core` varchar(5) NOT NULL,
  `payment_ref` varchar(20) NOT NULL,
  `payment_date` date NOT NULL
) ENGINE=InnoDB DEFAULT CHARSET=utf8mb4;

--
-- Dumping data for table `master_order`
--

INSERT INTO `master_order` (`id_order`, `serv_status`, `entry_date`, `req_scheme`, `tracking_no`, `po_number`, `part_number`, `description`, `qty`, `pr`, `aircraft`, `note`, `vendor`, `repair_tat`, `po_date`, `awb_in`, `awb_date`, `eta`, `inbound`, `gr_date`, `serial_number`, `serv_batch`, `date_store`, `pn_out`, `sn_out`, `core_batch`, `shipment_order_date`, `awb_out`, `awb_out_date`, `core_cond`, `created_by`, `ca_date`, `invoice`, `repair_cost`, `other_cost`, `total_cost`, `ca_app_date`, `tat_po`, `sla_vendor`, `tat_gr`, `tat_core`, `payment_ref`, `payment_date`) VALUES
(1, 'NEED AWB IN', '2022-05-02', 'Exchange', '-', '340011288', '350E053021818', 'FLIGHT WARNING COMPUTER', '1', '500041249', 'PK-GLX', 'UMR 804370175 \r\nokeee', '0UBE7 UNICAL AVIATION,INC.', '', '0000-00-00', '', '0000-00-00', '0000-00-00', '', '0000-00-00', '', '', '0000-00-00', '350E053021818', 'CASCSACA', '00000DFAFA', '2022-08-25', '', '0000-00-00', '', 'Gustaf Kusuma Pradana', '0000-00-00', '', '0.00', '0.00', '0.00', '0000-00-00', '514', 'ONTIME', '', '', '', '0000-00-00'),
(2, 'NEED REPAIR QUOTE', '2022-05-17', 'Repair', '430027064', '430027064', 'RCF6708', 'REGULATOR TRANSMITTER-PRESSURE', '1', '500039676', 'PK-GHQ', 'test', 'QC054 SAFRAN AEROSYSTEM SERVICE ASIA PTE', '30', '2022-05-17', '7295093875', '2022-07-06', '2022-07-08', '729509387', '2022-07-08', '15865', '0002534276', '2022-07-09', 'RCF6708 ', '15865', '0002459219', '2022-05-18', '6046573923', '2022-05-20', 'Unserviceable', 'Gustaf Kusuma Pradana', '2022-09-17', '', '0.00', '0.00', '0.00', '0000-00-00', '499', 'ONTIME', '0', '', '', '0000-00-00'),
(20, 'NEED REPAIR QUOTE', '2022-07-29', 'Repair', '', '430027369', 'LA2T0G21006CA10', 'ATSU-AIR TRAFFIC SERVICES UNIT', '1', '500041858', 'PK-GLR', 'yesss', 'SCD13 GUANGZHOU HANGXIN AVIONICS CO LTD', '', '0000-00-00', '', '0000-00-00', '0000-00-00', '', '0000-00-00', '', '', '0000-00-00', 'LA2T0G21006CA10', '2T0007512', '00000DFAFA', '2022-07-20', '6103585213', '2022-07-21', 'Unserviceable', 'Arif Setiawan', '0000-00-00', '', '0.00', '0.00', '0.00', '0000-00-00', '287', 'ONTIME', '', '', '', '0000-00-00'),
(24, 'NEED PAYMENT', '2022-07-01', 'Exchange', '-', '430027250', '0851HL', 'PROBE-PITOT', '1', '500041409', 'PK-GLP', 'REPAIR DER PITOT PROBE', 'GI383 CSI AEROSPACE, INC', '2', '2022-07-29', 'newwdhl', '2022-08-03', '2022-08-04', '', '2022-08-05', 'SN2', '0000245636', '2022-08-12', '0851HL', '2T0007512', '00000DFAFA', '2022-08-25', '6103585213', '2022-08-09', 'Unserviceable', 'Gustaf Kusuma Pradana', '2022-09-15', 'new2', '500.00', '700.00', '1200.00', '2022-09-23', '315', 'OVERDUE', '1', '', '', '0000-00-00'),
(31, 'SERV SHIPPED', '2022-05-02', 'Exchange', '-', '340011367', '350E053021818', 'FLIGHT WARNING COMPUTER', '1', '500041249', 'PK-GLL', 'UMR 804370175', 'GI759 AERO TRADE LLC DBA SETNA IO', '', '2022-06-08', '7711853785', '2022-06-20', '2022-06-24', '', '0000-00-00', '', '', '0000-00-00', '', '', '', '0000-00-00', '', '0000-00-00', 'Exchange', 'Arif Setiawan', '0000-00-00', '', '0.00', '0.00', '0.00', '0000-00-00', '514', 'ONTIME', '392', '', '', '0000-00-00'),
(33, 'NEED REPAIR APPROVAL', '2022-01-20', 'Exchange', '-', '340010995', '4315542', 'LIGHT-LANDING', '1', '-', '-', 'Replenish Access Spare', 'KB335 A.J. WALTER AVIATION', '30', '2022-01-21', '3856700853', '2022-06-09', '2022-06-14', '', '2022-07-01', '103000', '0002531197', '2022-07-02', '4315542', '356362', '00000DFAFA', '2022-08-25', 'AWB OUT', '2022-10-15', 'Unserviceable', 'Gustaf Kusuma Pradana', '0000-00-00', 'INVOICE1', '0.00', '0.00', '0.00', '0000-00-00', '896', 'ONTIME', '87', '', '', '0000-00-00'),
(34, 'NEED AWB IN', '2022-08-24', 'Exchange', '-', '43002769', '066-01127-1402', 'TRANSPONDER-ATC', '1', '-', 'PK-GLT', 'asasdas', '0YX11 GLOBAL AIRTECH', '20', '2022-08-24', '', '0000-00-00', '0000-00-00', '', '0000-00-00', '', '', '0000-00-00', '', '', '', '0000-00-00', '', '0000-00-00', '', 'Arif Setiawan', '0000-00-00', '', '0.00', '0.00', '0.00', '0000-00-00', '192', 'ONTIME', '', '', '', '0000-00-00'),
(37, 'NEED AWB OUT', '2022-08-16', 'Repair', '-', '43002769', '066-50012-1212', 'RECEIVER-VOR,MKR', '1', '-', 'PK-GLX', 'asdas', '0YX11 GLOBAL AIRTECH', '', '0000-00-00', '', '0000-00-00', '0000-00-00', '', '0000-00-00', '', '', '0000-00-00', 'LA2T0G21006CA10', '356362', '00000DFAFA', '2022-08-29', '', '0000-00-00', 'Unserviceable', 'Arif Setiawan', '0000-00-00', '', '0.00', '0.00', '0.00', '0000-00-00', '200', 'ONTIME', '', '', '', '0000-00-00'),
(49, 'NEED AWB OUT', '2022-08-24', 'Repair', 'TRX15000', '89689', '066-50007-0222', 'TRANSCEIVER-RADIO ALTIMETER', '1', '-', 'PK-', '', '0UBE7 UNICAL AVIATION,INC.', '20', '2022-08-24', 'adasdasdsadasds', '2022-09-03', '2022-09-05', '', '2022-10-02', 'ssd', '0000245636', '0000-00-00', '066-50007-0222', '2T0007512', '0000abc', '2022-08-25', '', '0000-00-00', 'Unserviceable', 'Gustaf Kusuma Pradana', '0000-00-00', '', '0.00', '0.00', '0.00', '0000-00-00', '192', 'ONTIME', '97', '', '', '0000-00-00'),
(52, 'NEED AWB IN', '2022-10-16', 'Exchange', '-', '3400000002', '066-01127-1402', 'TRANSPONDER-ATC', '1', '', 'PK-GTH', '', '09MS4 INERTIAL AIRLINE SERVICES, INC', '', '0000-00-00', '', '0000-00-00', '0000-00-00', '', '0000-00-00', '', '', '0000-00-00', '066-01127-1402', '', '', '0000-00-00', '', '0000-00-00', '', 'Gustaf Kusuma Pradana', '0000-00-00', '', '0.00', '0.00', '0.00', '0000-00-00', '0', 'ONTIME', '', '', '', '0000-00-00'),
(53, 'NEED CORE', '2022-10-16', 'Repair', '-', '43000001', '0851HL', 'PROBE-PITOT', '1', '-', 'PK-GLR', '', 'F1787 SOCIETE AIR FRANCE', '', '0000-00-00', '', '0000-00-00', '0000-00-00', '', '0000-00-00', '', '', '0000-00-00', '0851HL', '', '', '0000-00-00', '', '0000-00-00', '', 'Gustaf Kusuma Pradana', '0000-00-00', '', '0.00', '0.00', '0.00', '0000-00-00', '0', '', '', '', '', '0000-00-00'),
(54, 'NEED CORE', '2022-10-16', 'Repair', '-', '4300276956', '066-50007-0432', 'TRANSCEIVER-RADIO ALTIMETER', '1', '', 'PK-GLR', '', '0DAT4 INTERAERO,INC.', '', '0000-00-00', '', '0000-00-00', '0000-00-00', '', '0000-00-00', '', '', '0000-00-00', '066-50007-0432', '', '', '0000-00-00', '', '0000-00-00', '', 'Gustaf Kusuma Pradana', '0000-00-00', '', '0.00', '0.00', '0.00', '0000-00-00', '0', '', '', '', '', '0000-00-00');

-- --------------------------------------------------------

--
-- Table structure for table `pn_database`
--

CREATE TABLE `pn_database` (
  `part_number` varchar(50) NOT NULL,
  `desc` varchar(100) DEFAULT NULL,
  `ata` varchar(2) DEFAULT NULL,
  `pn_newprice` decimal(10,2) NOT NULL DEFAULT 0.00
) ENGINE=InnoDB DEFAULT CHARSET=utf8mb4;

--
-- Dumping data for table `pn_database`
--

INSERT INTO `pn_database` (`part_number`, `desc`, `ata`, `pn_newprice`) VALUES
('064-50000-2051', 'TRANSCEIVER-VHF', '23', '167289.00'),
('065-50001-0200', 'CSU-COMMAND SENSOR UNIT', '27', '26110.00'),
('066-01127-1402', 'TRANSPONDER-ATC', '34', '64540.00'),
('066-50007-0222', 'TRANSCEIVER-RADIO ALTIMETER', '34', '48590.00'),
('066-50007-0432', 'TRANSCEIVER-RADIO ALTIMETER', '34', '48590.00'),
('066-50012-1212', 'RECEIVER-VOR,MKR', '34', '71694.00'),
('066-50013-1222', 'INTERROGATOR-DME', '34', '58560.00'),
('066-50014-0202', 'RECEIVER-ADF', '34', '32680.00'),
('071-50001-8104', 'ANTENNA-TCAS', '34', '20270.00'),
('071-50026-0300', 'ANTENNA-RADIO ALTIMETER', '34', '2811.61'),
('071-50026-0400', 'ANTENNA-RADIO ALTIMETER', '34', '4215.52'),
('0711480-007', 'VALVE-HCU SHUTOFF', '78', '27322.00'),
('0851HL', 'PROBE-PITOT', '34', '7550.00'),
('0861ED', 'SENSOR-ANGLE OF ATTACK', '34', '18100.00'),
('088256-04644', 'ACCUMULATOR-BRAKE', '32', '9130.00'),
('1-002-0102-1830', 'INVERTER-STATIC', '25', '34070.00'),
('10-631045-2', 'EXCITERIGN', '74', '12883.00'),
('10101000CK', 'VALVE ASSY-DRAIN', '38', '4290.00'),
('106-1-1100-02', 'ACTUATOR', '49', '15100.00'),
('11-841193-4', 'HEAT EXCHANGER-OIL', '79', '21560.00'),
('1111A0000-01', 'VALVE-SOLENOID', '27', '4600.00'),
('114079018', 'SELECTOR-DOOR,ELECTRO-HYDRAULIC', '32', '10010.00'),
('114079019', 'SELECTOR-GEAR,ELECTRO-HYDRAULIC', '32', '10010.00'),
('114083004', 'VALVE-VENT', '32', '10010.00'),
('114086002', 'VALVE-CUT OUT', '32', '10010.00'),
('114087008', 'VALVE-BYPASS', '32', '10010.00'),
('114095004-010', 'ACTUATOR-LOCK STAY', '32', '10010.00'),
('114151004', 'VALVE-HIGH PRESSURE RELIEF', '29', '10600.00'),
('114170009', 'MANIFOLD ASSY-SELECTOR', '32', '10600.00'),
('1152682-3', 'ELT-EMERGENCY LOCATOR TRANSMITTER FIXED', '25', '8440.00'),
('1153538-1', 'ELT-EMERGENCY LOCATOR TRANSMITTER FIXED', '25', '16740.00'),
('115370-1520', 'FCDC-FLIGHT CONTROL DATA CONCENTRATOR', '27', '27060.00'),
('1158000-15', 'CANISTER-VALVE,REFUEL', '28', '2660.00'),
('1158000-21R', 'VALVE-REFUEL', '28', '5340.00'),
('1158000-45', 'VALVE-REFUEL', '28', '5340.00'),
('115E6331G4', 'EEC', '73', '1689.76'),
('1211313-010', 'VSV ACTUATOR', '75', '25250.00'),
('12134-00', 'DETECTOR ASSY-FIRE,PYLON', '26', '3531.03'),
('121664-8', 'ACTUATOR-BALLSCREW', '75', '12080.00'),
('121666-13', 'ACTUATOR VBV MASTER', '75', '34440.00'),
('1263A0000-03', 'MACHINE-AIR CYCLE', '21', '74220.00'),
('12664', 'VALVE-CHECK', '21', '2880.00'),
('1298A0000-01', 'VALVE-CHECK', '21', '1970.00'),
('1312B0000-01', 'VALVE-BYPASS', '21', '18140.00'),
('1320A0000-01', 'VALVE-TRIM AIR', '21', '17000.00'),
('1320A0000-02', 'VALVE-TRIM AIR', '21', '16460.00'),
('1407KID02-03', 'INDICATOR-FUEL,QUANTITY', '28', '25100.00'),
('14320-030', 'VALVE-DRAIN', '38', '9130.00'),
('14320-040', 'VALVE-CHECK', '38', '1759.81'),
('14330-004C1', 'TOILET ASSY', '38', '24670.00'),
('14330-004C2', 'TOILET ASSY', '38', '24440.00'),
('14330-375', 'GENERATOR-VACUUM', '38', '25920.00'),
('14401-085', 'SEPARATOR ASSY-WATER', '38', '4600.00'),
('14403-003C', 'TRANSMITTER-LEVEL,LIQUID', '38', '6400.00'),
('14403-085', 'SENSOR-LEVEL', '38', '6610.00'),
('14403-125', 'SENSOR-LEVEL,LIQUID', '38', '30020.00'),
('14403-130', 'TANK ASSY-WASTE', '38', '30020.00'),
('15-40F11', 'SMOKE HOOD-PBE', '35', '2350.00'),
('1567A0000-01', 'VALVE-MANUAL SELECTOR', '52', '14810.00'),
('15800-440', 'VALVE ASSY-RINSE', '38', '3740.00'),
('160494-1', 'COOLER-OIL', '49', '27860.00'),
('1605100-01', 'INDICATOR-VISUAL', '79', '25127.00'),
('16800-01-00', 'SEAT-3RD OCCUPANT', '25', '18640.00'),
('1700667D', 'GAPCU-GROUND AUXILIARY POWER CONTROL UNIT', '24', '121710.00'),
('1706903', 'IDG-INTEGRATED DRIVE GENERATOR', '24', '503650.00'),
('1708897', 'IDG', '', '524520.00'),
('1718205', 'IDG-INTEGRATED DRIVE GENERATOR', '24', '449927.00'),
('17A717-03-00', 'ACCELEROMETER', '31', '7480.00'),
('1803B0000-02', 'CONTROLLER-AIR CONDITIONING SYSTEM', '21', '85930.00'),
('1806B0000-01', 'VALVE ASSY-FLOW CONTROL', '21', '41610.00'),
('1806B0000-02', 'VALVE ASSY-FLOW CONTROL', '21', '41610.00'),
('1806D0000-01', 'VALVE ASSY-FLOW CONTROL', '21', '42850.00'),
('1809A0000-01', 'ACTUATOR-INLET', '21', '23350.00'),
('1905A0000-01', 'VALVE-SAFETY', '32', '7270.00'),
('190QA01', 'TRANSFORMER-CURRENT', '29', '2510.00'),
('196PN01Y02', 'INDICATOR-RUDDER TRIM', '22', '5410.00'),
('1982660116', 'DMC-DISPLAY MANAGEMENT COMPUTER', '31', '87060.00'),
('1X2005097-00', 'LIGHT-LOGO (LH)', '33', '266704.00'),
('2.00E+211', 'SFCC-SLAT AND FLAP CONTROL COMPUTER', '27', '45240.00'),
('200301E00000308', 'SFCC-SLAT AND FLAP CONTROL COMPUTER', '27', '45240.00'),
('201117025', 'UPLOCK-MLG, LH', '32', '9854.77'),
('201117026', 'UPLOCK-MLG, RH', '32', '9854.77'),
('201122009', 'UPLOCK-DOOR,MLG', '32', '9854.77'),
('201590003', 'ACTUATOR-RETRACTION', '32', '12729.00'),
('2040029-104', 'VALVE DUAL-FLOW,SHUTOFF', '47', '6320.00'),
('2040031-102', 'VALVE ISOLATION', '47', '6320.00'),
('2040081-101', 'SENSOR-OXYGEN', '47', '17250.00'),
('2050118-102', 'FILTER ASSY', '47', '4520.00'),
('2050121-201', 'VALVE DUAL-FLAPPER,CHECK', '47', '4520.00'),
('2056B0000-01', 'CHAMBER-AIR PLENUM', '21', '11520.00'),
('206PN01', 'VOLTMETER-DC', '24', '4170.00'),
('20700-300', 'VALVE-APU FUEL', '28', '1460.00'),
('2070054-201', 'IN-TANK HOUSING', '47', '2170.00'),
('2070066-102', 'PALLET-IGGS', '47', '73640.00'),
('20790-03AC', 'VALVE-OUTFLOW', '21', '125150.00'),
('20790-20BA', 'VALVE-OUTFLOW', '21', '125150.00'),
('20791-13AC', 'CONTROLLER-PRESSURE', '21', '58850.00'),
('20791-13AD', 'CONTROLLER-PRESSURE', '21', '58850.00'),
('21071-03AC', 'BOX-ELECTRONIC', '21', '10300.00'),
('2123M56P04', 'ECU-ELECTRONIC CONTROL UNIT', '73', '185000.00'),
('215TS07Y00', 'LEVER-CONTROL,LANDING GEAR', '32', '1184.00'),
('2234320-01-01', 'FDIMU-FLIGHT DATA INTERFACE MANAGEMENT UNIT', '31', '71800.00'),
('2243800-81', 'QAR-QUICK ACCESS RECORDER', '31', '17930.00'),
('2293B020000', 'VALVE-CHECK', '36', '8620.00'),
('241-246-022-004', 'EVMU-ENGINE VIBRATION MONITORING UNIT', '77', '5270.00'),
('2438-89-00', 'ANTENNA-VHF', '23', '1840.00'),
('2510154-01-00', 'SEAT-4TH OCCUPANT', '25', '12300.00'),
('252CA01C1-02Y1', 'CONTACTOR-THREE POLE', '24', '2340.00'),
('262200008-0002', 'PSS', '73', '3370.00'),
('2632-82', 'ANTENNA-ELT', '25', '3370.00'),
('2695A0000-01', 'SENSOR-PRESSURE,PACK-INLET', '21', '5250.00'),
('2704506-2', 'MOTOR-STARTER', '49', '24170.00'),
('2704506-4', 'MOTOR-STARTER', '49', '23930.00'),
('2LA005303-05', 'LIGHT-STROBE', '33', '2560.93'),
('2LA005308-05', 'LIGHT-ANTICOLLISION,WING STROBE WING', '33', '3500.00'),
('2LA005469-00', 'PANEL-WARNING LIGHT', '52', '1510.00'),
('2LA005469-01', 'PANEL-WARNING LIGHT', '52', '1510.00'),
('2LA005542-50', 'LIGHT-MAIN INSTRUMENT PANEL', '33', '4490.00'),
('2LA007307-00', 'PANEL-WARNING LIGHT', '52', '1710.00'),
('2LA403702-02', 'LIGHT-NAVIGATION,REAR DUAL', '33', '3000.00'),
('2LA455010-00', 'LIGHT-ANTICOLLISION', '33', '3590.00'),
('30042-0601', 'CONTROL UNIT-LEVEL,SENSING', '28', '17060.00'),
('3022016-000', 'VALVE-BRAKE SYSTEM RELIEF', '29', '11440.00'),
('3022143-000', 'PUMP-ELECTRIC', '29', '49840.00'),
('3031863-001', 'PUMP-HYDRAULIC', '29', '35549.28'),
('31073-110', 'SERVOCONTROL-AILERON', '27', '48770.00'),
('31075-440', 'SERVOCONTROL- ELEVATOR', '27', '68250.00'),
('31077-211', 'SERVOCONTROL-SPOILER,INBOARD', '27', '42950.00'),
('321-400-707-0', 'ACTUATOR-TR OPENING', '78', '42880.00'),
('321000M03', 'SSTU-SIDE STICK TRANSDUCER UNIT', '27', '15140.00'),
('321200M02', 'TRANSDUCER UNIT-SPEED BRAKE CONTROL', '27', '8700.00'),
('3214-62-10', 'EPSU-EMERGENCY POWER SUPPLY UNIT', '33', '9080.00'),
('322000M02', 'TRANSDUCER UNIT', '27', '4470.00'),
('322200-7M00', 'TRANSMITTER UNIT-N,W STRG HANDWHEEL', '32', '6100.00'),
('322200-8M00', 'TRANSMITTER UNIT-N,W STRG HANDWHEEL', '32', '6220.00'),
('3223KGBA4', 'N2 SENSOR', '73', '1340.00'),
('327000-102M01', 'FTU-FORCE TRANSDUCER UNIT RUDDER PEDAL', '27', '6240.00'),
('3291238-2', 'VALVE-SURGE CONTROL', '49', '147120.00'),
('3291390-4', 'VALVE BLEED', '75', '65660.00'),
('3291432-1', 'VALVE-LOAD CONTROL', '49', '65660.00'),
('3291432-2', 'VALVE-LOAD CONTROL', '49', '65660.00'),
('3291556-2', 'VALVE SHUT OFF STAR', '80', '38000.00'),
('329695-4', 'VALVE HPTCC', '75', '145681.10'),
('330400M01', 'CONTROL UNIT-THROTTLE', '76', '9760.00'),
('334VZ01Y00', 'SWITCH-PUSHBUTTON', '26', '21470.00'),
('335TS08Y01', 'FIRE PANEL-ENGINE APU', '26', '4040.00'),
('337-075-105-0', 'LUBRICATION UNIT', '79', '129052.63'),
('341F010000', 'THERMOSTAT-SOLENOID', '36', '10130.00'),
('342300M01', 'TRANSDUCER UNIT', '27', '5230.00'),
('342B050000', 'THERMOSTAT-CONTROL', '36', '7870.00'),
('34600017', 'EXTINGUISHER-FIRE', '26', '11940.00'),
('35-0D5-1003', 'LOUDSPEAKER-AMPLIFIER,COCKPIT', '31', '6150.00'),
('35-0F5-1000', 'BOARD-ANNUNCIATOR LIGHT TEST', '33', '1910.00'),
('35-0L0-1003-06', 'ECP-ECAM CONTROL PANEL', '31', '28180.00'),
('35-0L5-1006-08', 'BCL-BATTERY CHARGE LIMITER', '24', '23570.00'),
('35-1H5-1002', 'BTMU-BRAKE TEMPERATURE MONITORING UNIT', '32', '11890.00'),
('3505582-27', 'STARTER AIR TURBINE', '80', '140871.50'),
('3505582-28', 'STARTER AIR TURBINE', '80', '140871.50'),
('350E053021111', 'FWC-FLIGHT WARNING COMPUTER', '31', '176200.00'),
('350E053021212', 'FWC-FLIGHT WARNING COMPUTER', '31', '176200.00'),
('350E053021818', 'FLIGHT WARNING COMPUTER', NULL, '0.00'),
('350E5500205', 'SDAC-SYSTEM DATA ACQUISITION CONCENTRATOR', '31', '127840.00'),
('3530000-1', 'SENSOR LEVEL FUEL QUANTITY INDICATOR', '28', '803.00'),
('3616140-6', 'FAN ASSY', '49', '72620.00'),
('362-074-103-0', 'LUBRICATION UNIT', '79', '121200.00'),
('367-359-005', 'ICU-IGGS CONTROLLER UNIT', '47', '23490.00'),
('3721-00', 'FDU-FIRE DETECTION UNIT', '26', '4090.00'),
('3732A010000', 'EXCHANGER-PRECOOLER', '36', '35360.00'),
('3860864-1', 'CLUTCH-ASSY-STARTER', '49', '35590.00'),
('3876287-1', 'MODULE-DATA MEMORY', '49', '25070.00'),
('3886188-2', 'ACTUATOR-IGV', '49', '60350.00'),
('3888058-5', 'EXCITER-IGNITION', '49', '13120.00'),
('3888394-221204', 'ECB-ELECTRONIC CONTROL BOX,VERSATILE', '49', '186170.00'),
('38E93-6', 'VALVE-CONTROL,WING ANTI ICING', '30', '22920.00'),
('3945129100', 'ELAC-ELEVATOR AILERON COMPUTER', '27', '31796.00'),
('3957985114', 'EIU-ENGINE INTERFACE UNIT', '73', '31796.00'),
('3957A0000-02', 'VALVE-ISOLATION', '21', '11350.00'),
('3958A0000-01', 'VALVE-BYPASS', '21', '11350.00'),
('3959A0000K06', 'CONTROLLER-CSAS', '21', '15035.66'),
('3961A0000K01', 'EXCHANGER-HEAT', '21', '12880.00'),
('3962A0000K01', 'CONVERTER-OZONE', '21', '9740.00'),
('3964A0000K01', 'SENSOR-TEMPERATURE', '21', '2500.00'),
('396800-12', 'MOTOR-GEAR', '75', '40620.00'),
('4-60000H883-00', 'MAST ASSY-DRAIN', '30', '12130.00'),
('401MFD3-3', 'DCDU-DATALINK CONTROL AND DISPLAY UNIT', '46', '33640.00'),
('4063-16082-3', 'VALVE ASSY-ISOLATION', '36', '10380.00'),
('4063-18221', 'VALVE-ISOLATION', '21', '11670.00'),
('4089740-961', 'MCDU-MULTIPURPOSE CONTROL AND DISPLAY UNIT', '22', '164740.00'),
('41-2-1100-02', 'ACTUATOR-EMERGENCY,RAM AIR', '21', '14430.00'),
('4101002-11', 'TRANSFER UNIT-HYD POWER', '29', '78210.00'),
('4131020-4', 'MODULE-LUBE', '49', '234780.00'),
('4141028-3', 'VALVE-DE OIL SOLENOID', '49', '115580.00'),
('4188-01', 'INVERTER-STATIC', '24', '12080.00'),
('4203503', 'MOTOR-HYDRAULIC, SLAT AND FLAP DRIVE', '27', '18300.00'),
('42049', 'MOTOR-HYDRAULIC', '27', '23050.00'),
('4279198', 'MOTOR CONVERTER', '30', '5520.00'),
('4279204', 'MOTOR CONVERTER', '30', '5520.00'),
('4315542', 'LIGHT-LANDING', '33', '14630.00'),
('441921-4', 'CONTROL ASSY-FUEL', '49', '89320.00'),
('450-2-3100-00', 'SWITCH-PRESSURE', '27', '1300.00'),
('4550-01', 'DETECTOR ASSY-OVERHEAT,APU', '26', '12760.00'),
('45731-1382', 'HEATER-SERVO FUEL', '73', '33940.00'),
('47145-167', 'ACTUATOR-THS', '27', '794520.00'),
('472088-1', 'BOTTLE-FIRE EXTINGUISHER', '26', '6700.00'),
('47215920BB00', 'PHC-PROBE HEAT COMPUTER', '30', '20570.00'),
('472412-1', 'EXTINGUISHER-FIRE,APU', '26', '5630.00'),
('503CA04F2-02Y00', 'CONTACTOR-DOUBLE THREE POLE', '24', '4000.00'),
('504910-1', 'ROTORGENERATOR', '73', '16590.00'),
('505344-1', 'ROTOR, ALTERNATOR', '73', '28080.00'),
('513610-4', 'EXCITERIGN', '74', '2305.07'),
('520913', 'CSMG-CONSTANT SPEED MOTOR GENERATOR', '24', '2320.00'),
('521100', 'GCU-GENERATOR CONTROL UNIT,CSMG', '24', '2320.00'),
('521B0200-01', 'ADAPTER ASSY-PPU', '27', '2320.00'),
('558CA04A30Y00', 'CONTACTOR-THREE POLE', '24', '3220.00'),
('558CA04A40Y00', 'CONTACTOR-THREE POLE', '24', '2780.00'),
('564CA04A01Y00', 'CONTACTOR-THREE POLE', '23', '2780.00'),
('564CA04A10Y00', 'CONTACTOR-THREE POLE', '24', '2750.00'),
('564CA04A11Y00', 'CONTACTOR-THREE POLE', '21', '2780.00'),
('564CA04A21Y00', 'CONTACTOR-THREE POLE', '24', '2860.00'),
('564CA04F10Y00', 'CONTACTOR-THREE POLE', '24', '3512.24'),
('568-1-27202-007', 'PUMP-FUEL', '28', '6400.00'),
('5XA455805-01', 'CONTROLLER-LIGHTING', '33', '7800.00'),
('5XA455806-00', 'CONTROLLER-LIGHTING', '33', '4850.00'),
('6-1404-0000-4', 'PUMP-HYDRAULIC,HAND', '29', '7280.00'),
('600615-00-503', 'CONTROLLER-VENTILATION', '21', '16190.00'),
('600700-00-501', 'VALVE', NULL, '0.00'),
('60592-201', 'RESERVOIR ASSY', '25', '14950.00'),
('612C9501-007', 'PRSOV', '36', '163080.00'),
('6137-5', 'ACTUATOR-RUDDER TRIM', '27', '30150.00'),
('615-2630-102', 'ANTENNA-ADF', '34', '11980.00'),
('6205-89-63', 'ANTENNA-VOR', '34', '7920.00'),
('6207-88-62', 'ANTENNA-LOCALIZER', '34', '2619.14'),
('63506083-4', 'STARTER AIR TURBINE', '80', '180992.24'),
('6610-19878-2', 'ACTUATOR-ROTARY', '21', '6250.00'),
('6610-20560-01', 'ACTUATOR-ROTARY', '21', '6370.00'),
('6730F010000', 'VALVE-FAN AIR', '36', '21120.00'),
('6740F010000', 'VALVE-OVERPRESSURE', '36', '25260.00'),
('6773F010000', 'VALVE-HP BLEED', '36', '35120.00'),
('6774G010000', 'VALVE-BLEED PRESSURE REGULATING', '36', '40930.00'),
('692546-4', 'VALVE-SOLENOID', '49', '9040.00'),
('6970-125', 'PUMP FUEL', '73', '13492.00'),
('70227A010001', 'CONVERTER ASSY,OZONE', '21', '11270.00'),
('70418A010101', 'BMC-BLEED MONITORING COMPUTER', '36', '23580.00'),
('70629A010001', 'EXCHANGER-PRECOOLER', '36', '66170.00'),
('70645A020001', 'VALVE-HP BLEED', '36', '38440.00'),
('70646A010001', 'VALVE-BLEED PRESSURE REGULATING', '36', '42260.00'),
('70654A010001', 'VALVE-FAN AIR', '36', '19610.00'),
('70853A010001', 'VALVE-TRIM AIR PRESSURE', '21', '24330.00'),
('72303102-3', 'LIGHT ASSY-NAVIGATION,RED', '33', '2800.00'),
('72303102-4', 'LIGHT ASSY-NAVIGATION,GREEN', '33', '4520.00'),
('724400-2', 'PUMP FUEL', '73', '5498.00'),
('725185', 'COUPLING-REFUEL', '28', '3240.00'),
('727-1213-01', 'LANDING LIGHT', '33', '17670.00'),
('727-1213-02', 'LANDING LIGHT', '33', '17670.00'),
('7306SD01', 'VALVE-NON RETURN', '29', '4270.00'),
('73195', 'SERVOVALVE', '27', '4270.00'),
('7319605', 'SERVOVALVE-ELEVATOR', '27', '11570.00'),
('733901-1-1', 'BMC-BLEED MONITORING COMPUTER', '36', '17880.00'),
('733901-1-2', 'BMC-BLEED MONITORING COMPUTER', '36', '18050.00'),
('733903-1-1', 'WHC-WINDOW HEAT COMPUTER', '30', '16740.00'),
('746A0000-06', 'VALVE-TRIM AIR PRESSURE', '21', '24330.00'),
('747A0000-03', 'EXTRACTOR-WATER', '21', '6770.00'),
('753C0000-02', 'EXCHANGER- HEAT,PRIMARY', '21', '24750.00'),
('753D0000-01', 'EXCHANGER-HEAT,PRIMARY', '21', '25550.00'),
('754C0000-01', 'EXCHANGER-HEAT,MAIN', '21', '24740.00'),
('754D0000-01', 'EXCHANGER-HEAT,MAIN', '', '25540.00'),
('755C0000-01', 'REHEATER', '21', '16030.00'),
('755D0000-01', 'REHEATER', '21', '16030.00'),
('756A0000-05', 'CONDENSER', '21', '19470.00'),
('762080-1', 'VALVE-SAFETY', '32', '137558.00'),
('764711C', 'ACTUATOR-RAM AIR TURBINE', '29', '58300.00'),
('766352B', 'RAT-RAM AIR TURBINE', '29', '257610.00'),
('767584K', 'GCU-GENERATOR CONTROL UNIT', '24', '85960.00'),
('767584M', 'GCU-GENERATOR CONTROL UNIT', '24', '94090.00'),
('767669C', 'ADAPTER-QAD', '24', '21420.00'),
('769B0000-01', 'VALVE-CHECK', '21', '2840.00'),
('777461-1-1', 'EIU-ENGINE INTERFACE UNIT', '73', '15470.00'),
('777B0000-02', 'SELECTOR-TEMPERATURE', '21', '2480.00'),
('786A0000-12', 'CONTROL UNIT-POWER', '27', '11250.00'),
('786A2000-01', 'BRAKE-PRESSURE-OFF', '27', '11250.00'),
('787A0000-07', 'BLOCK-VALVE', '27', '46670.00'),
('787A0000-08', 'BLOCK-VALVE', '27', '51577.23'),
('796-809-6A', 'CADENSICON', '28', '7619.86'),
('80-178-03-88013', 'CONTROL INTERFACE UNIT-LANDING GEAR', '32', '50540.00'),
('8000306Y00', 'LIGHT-RUNWAY TURNOFF', '33', '2090.00'),
('8000959Y00', 'LIGHT-WING AND ENGINE (LH)', '33', '2090.00'),
('8000960Y00', 'LIGHT-WING AND ENGINE (RH)', '33', '2090.00'),
('801A0200-01', 'SHAFT-DRIVE AND PLUNGING JOINT ASSY', '27', '13680.00'),
('801A0300-01', 'SHAFT-DRIVE AND PLUNGING JOINT ASSY', '27', '10194.00'),
('801B4600-02', 'SHAFT ASSY-COMPLIANT', '27', '2260.00'),
('8055515-4501', 'PRINTER-MULTI USE', '31', '29460.00'),
('8061-536', 'HMU-HYFROMECHANICAL UNIT', '73', '76200.00'),
('8062-1151', 'CONTROL', '73', '333560.00'),
('8062-1157', 'FMU', '73', '253420.00'),
('8100-0083', 'ACTUATORVBV', '75', '61234.00'),
('8100-0091', 'ACTR-VSV', '75', '4881.00'),
('810A0000-06', 'SERVOCONTROL- RUDDER', '27', '35710.00'),
('822-1821-430', 'MMR-MULTI MODE RECEIVER', '34', '4120.00'),
('822-2033-001', 'ANTENNA-GPS ACTIVE', '34', '4120.00'),
('829C0000-01', 'ACTUATOR-SLAT A', '27', '23220.00'),
('830C0000-01', 'ACTUATOR-SLAT B', '27', '20970.00'),
('831C0000-01', 'BRAKE-WING TIP', '27', '22960.00'),
('833A2400-02', 'SHAFT ASSY-APPU', '27', '3567.97'),
('8410B1-101-105', 'CAMERA-COCKPIT DOOR', '23', '6160.00'),
('8410B2-4-90', 'CAMERA-COCKPIT DOOR', '23', '6060.00'),
('8420B1-301', 'CONTROLLER ASSY-LCD', '23', '25960.00'),
('8450B5', 'HINGE ASSY-CDDS', '23', '3250.00'),
('87292325V06', 'AEVC-AVIONICS EQUIPMENT VENTILATION COMPUTER', '21', '19090.00'),
('8910-332', 'VALVE-FUEL RETURN', '73', '144898.00'),
('8ES403703-02', 'TRANSFORMER-REAR NAVIGATION LIGHT,DUAL', '33', '3370.00'),
('8ES455012-06', 'PSU-POWER SUPPLY UNIT', '33', '3370.00'),
('8ES455438-07', 'PSU-POWER SUPPLY UNIT,WING STROBE', '33', '3370.00'),
('8ES455440-06', 'PSU-POWER SUPPLY UNIT', '33', '3370.00'),
('8TJ167GHV1', 'TRANSMITTER-FUEL FLOW', '73', '71368.00'),
('9024-15704-03', 'VALVE-SAFETY', '21', '20180.00'),
('9028A0004-01', 'PPU-POSITION PICK-OFF UNIT', '27', '13500.00'),
('909012-02-01', 'FDU-FIRE DETECTION UNIT', '26', '6740.00'),
('9104A0009-02', 'SENSOR-PRESSURE,PACK-INLET', '21', '5240.00'),
('9106A0006-02', 'SENSOR-PRESSURE,DIFFERENTIAL', '21', '6430.00'),
('930-1005-001', 'TRANSCEIVER-WEATHER RADAR', '34', '119360.00'),
('930-2000-001', 'XMTR RCVR-WEATHER RADAR', '34', '148783.00'),
('930-3000-001', 'DRIVE-WEATHER RADAR ANTENNA', '34', '75680.00'),
('930-4301-001', 'ANTENNA-WEATHER RADAR', '34', '19100.00'),
('930-6201-001', 'CONTROL UNIT-WEATHER RADAR', '34', '23030.00'),
('930-7002-001', 'MOUNTING TRAY - WR XCVR', '34', '19676.11'),
('93A150-20', 'MODULE-PREAMPLIFIER', '23', '2710.00'),
('94-0501-00-001', 'TANK ASSY-WATER,POTABLE', '38', '16280.00'),
('940-0351-005', 'COMPUTER-TCAS', '34', '269740.00'),
('9632500-7001', 'ACTUATION UNIT', '38', '4630.00'),
('9632500-8001', 'CONTROL ASSY-CABLE', '38', '1740.00'),
('9632500-9001', 'CONTROL ASSY-CABLE', '38', '1780.00'),
('9632501-0001', 'CONTROL ASSY-CABLE', '38', '2200.00'),
('9632501-1001', 'CONTROL ASSY-CABLE', '38', '4100.00'),
('964-0452-052', 'TRANSCEIVER-HF', '23', '98100.00'),
('964-0453-001', 'COUPLER-HF ANTENNA', '23', '82130.00'),
('965-1676-003', 'GPWC-GROUND PROXIMITY WARNING COMPUTER', '34', '181470.00'),
('974540', 'PUMP-ELECTRIC', '29', '112710.00'),
('980-4750-001', 'SSFDR-SOLID STATE FLIGHT DATA RECORDER', '31', '58680.00'),
('980-4750-002', 'SSFDR-SOLID STATE FLIGHT DATA RECORDER', '31', '40030.00'),
('980-6022-001', 'CVR-COCKPIT VOICE RECORDER', '23', '54400.00'),
('A05000', 'ACTUATOR-ELECTRICAL', '38', '2790.00'),
('A05B00', 'ACTUATOR-ELECTRICAL', '38', '4420.00'),
('A06L00', 'ACTUATOR ASSY', '29', '3800.00'),
('A08000', 'ACTUATOR ASSY', '28', '8967.00'),
('A61545-001', 'SERVOVALVE', '27', '4970.00'),
('A88004-005', 'SERVOVALVE', '27', '4750.00'),
('ACP2788AD01', 'ACP-AUDIO CONTROL PANEL', '23', '10550.00'),
('AE1502U02', 'MOTOR ASSY-BRAKE FAN', '32', '16840.00'),
('AE86195G', 'VALVE ASSY-FILL', '29', '3670.00'),
('AE99119K', 'COUPLING HALF', '29', '2524.83'),
('AMU4031SA140204', 'AMU-AUDIO MANAGEMENT UNIT', '23', '46760.00'),
('APE5100-1', 'CLOCK', '31', '17000.00'),
('AR4709-11', 'CDLCU-COCKPIT DOOR LOCKING CONTROL UNIT', '52', '5810.00'),
('AR4714-11', 'STRIKE ASSY-ELECTRICALLY OPERATED', '52', '5910.00'),
('AR4714-7', 'STRIKE ASSY-ELECTRICALLY OPERATED', '52', '5920.00'),
('AR4753-1', 'BOLTING SYSTEM-COCKPIT DOOR', '25', '5580.00'),
('AR4754-1', 'LATCH-DOOR,CENTER', '25', '2950.00'),
('B372CAM0100', 'SEC-SPOILER ELEVATOR COMPUTER', '27', '118800.00'),
('B397BAM0622', 'FAC-FLIGHT AUGMENTATION COMPUTER', '22', '92360.00'),
('BA16501-01', 'GENERATOR-APU', '24', '193936.17'),
('BA24320A1', 'EXTINGUISHER-FIRE', '26', '845.43'),
('BC2065C', 'CONTROL BOX-SELCAL CODE', '23', '2900.00'),
('BHC1060-04', 'VALVE-PRIORITY', '29', '3080.00'),
('BMA3603AA01', 'BOX-AUDIO JUNCTION', '23', '3460.00'),
('C12404AB02', 'CONTROL UNIT-ATC,TCAS', '34', '17940.00'),
('C12848DB01', 'RMP-RADIO MANAGEMENT PANEL', '23', '52740.00'),
('C12850AC02', 'FCU-FLIGHT CONTROL UNIT', '22', '130514.00'),
('C12850AC03', 'FCU-FLIGHT CONTROL UNIT', '22', '130514.00'),
('C12860AA03', 'CFDIU-CENTRALIZED FAULT DISPLAY INTERFACE UNIT', '31', '65460.00'),
('C12CB0013', 'PUMP-FUEL', '28', '4690.00'),
('C13206AA00', 'FAC-FLIGHT AUGMENTATION COMPUTER', '22', '100860.00'),
('C13207AA00', 'FMGC-FLIGHT MANAGEMENT AND GUIDANCE COMPUTER', '22', '349400.00'),
('C16786EA01', 'INDICATOR-ISIS', '34', '48570.00'),
('C19755BA01', 'DU-DISPLAY UNIT', '31', '150130.00'),
('C20105000-2', 'TACHOMETER', '32', '18350.00'),
('C24730001-9', 'UPLOCK ASSY-NLG', '32', '135970.00'),
('C24730100-3', 'UPLOCK ASSY-NLG DOOR', '32', '135970.00'),
('C24736100-1', 'SERVOCONTROL', '32', '135970.00'),
('C24737002-4', 'MANIFOLD', '32', '135970.00'),
('C24837102-2', 'MANIFOLD-NORMAL BRAKE ASSY', '32', '16200.00'),
('C24993000', 'VALVE-SELECTOR,BRAKE', '29', '7800.00'),
('C24998000', 'VALVE-SWIVEL,SELECTOR', '32', '13980.00'),
('C25175000-1', 'VALVE LPTACC', '75', '21800.00'),
('C25243102', 'VALVE-SAFETY', '32', '49300.00'),
('C51LM0020', 'VALVE-RESERVOIR,FILLING', '29', '8020.00'),
('CGDU2000-00', 'DETECTOR-SMOKE', '26', '5970.00'),
('CT141-1', 'VALVE-CHECK', '21', '3130.00'),
('CT191B', 'VALVE-CHECK', '21', '1730.00'),
('D05000', 'VALVE-FILL AND DRAIN', '38', '5439.00'),
('D05A00', 'VALVE-FILL AND DRAIN', '38', '5410.50'),
('D23076000-3', 'ACTUATOR-UNLOCKING', '32', '17310.00'),
('D23090000-8', 'ACTUATOR-TR PIVOTING DOOR', '78', '5780.00'),
('D23119751', 'BOX-ELECTRICAL', '32', '10850.00'),
('D24001000', 'VALVE-CONTROL,PARKING BRAKE ELECTRICAL', '32', '38180.00'),
('D24005000', 'MANIFOLD-ALTERNATE BRAKE', '32', '40450.00'),
('D24006000', 'MANIFOLD-ALTERNATE BRAKE', '32', '40450.00'),
('D24157000', 'VALVE-SELECT,MANIFOLD ASSEMBLY', '32', '11250.00'),
('D90ST2001-000', 'GAUGE-TRANSMITTER', '29', '9370.00'),
('D90ST2002-000', 'GAUGE-TRANSMITTER', '29', '9580.00'),
('D90ST2003-000', 'SWITCH-LOW LEVEL', '29', '2780.00'),
('D90ST2004-000', 'SWITCH-LOW LEVEL', '29', '3620.00'),
('DLRBA000', 'DLRB-DATA LOADING ROUTING BOX', '31', '8710.00'),
('DLSA100', 'SELECTOR-DATA LOADING', '31', '5700.00'),
('DV8456701-5', 'TLU-TRAVEL LIMITATION UNIT', '27', '12940.00'),
('DVE90-07', 'VALVE-SOLENOID', '35', '6980.00'),
('E03A00', 'VALVE ASSY-FIRE SHUTOFF', '29', '5766.00'),
('E20000', 'ACTUATOR-HYDRAULIC', '52', '9775.50'),
('E21324000-2', 'TRANSMITTER-BRAKE PEDAL', '32', '9775.50'),
('E21326000-1', 'SERVOVALVE-BRAKE', '32', '9775.50'),
('E21327106', 'BSCU-BRAKING AND STEERING CONTROL UNIT', '32', '197430.00'),
('E21327107', 'BSCU-BRAKING AND STEERING CONTROL UNIT', '32', '205960.00'),
('E21328002', 'ABCU-ALTERNATE BRAKING CONTROL UNIT', '32', '191410.00'),
('E21330000-1', 'VALVE', '32', '22940.00'),
('E21336000', 'SENSOR-STEERING FEEDBACK', '32', '26970.00'),
('E21350000', 'TACHOMETER-DRIVE ASSEMBLY', '32', '26970.00'),
('EVT3454HC', 'FAN-AVIONICS', '21', '18290.00'),
('FA500016-101', 'COS ACTUATOR AND FIXATION', '78', '44600.00'),
('FE171-000', 'REGULATOR-CABLE TENSION', '27', '8170.00'),
('FE240-006', 'CYLINDER-DOOR DAMPER', '52', '20240.00'),
('FRH220034V', 'VALVE ASSY-NONRETURN', '36', '2750.00'),
('FRH230003C', 'VALVE-PRESSURE REDUCER', '38', '1592.05'),
('FRH280002', 'VALVE-AIR RELEASE', '28', '2140.00'),
('H3146-27', 'HANDLE ASSY-EMERGENCY EXIT', '52', '17550.00'),
('HG2030BE03', 'ADIRU-AIR DATA AND INERTIAL REFERENCE UNIT', '34', '22910.00'),
('HTE190001-2', 'ACTUATOR-TWIN MOTOR', '28', '6820.00'),
('HTE200002-1', 'ACTUATOR-VALVE,SINGLE MOTOR', '28', '3180.00'),
('HTE370001', 'CONNECTOR-HP GROUND', '36', '2030.00'),
('HTE900095', 'SHAFT-DRIVE,TRANSFER VALVE', '28', '1790.00'),
('HTE900096', 'SHAFT-DRIVE,TRANSFER VALVE', '28', '1790.00'),
('HTE900118-001', 'VALVE-LOW PRESSURE,FUEL', '28', '2050.00'),
('HTE900133', 'VALVE-FUEL', '28', '2380.00'),
('HTE900135', 'VALVE-FUEL', '28', '2260.00'),
('J172ABM01', 'ACCELEROMETER UNIT-VERTICAL', '27', '7170.00'),
('L83A13-617', 'MONITOR-LEAK', '28', '1570.00'),
('L95F100-603', 'PROTECTOR-OVERPRESSURE', '28', '4290.00'),
('LA2T0G21006CA10', 'ATSU-AIR TRAFFIC SERVICES UNIT', '46', '151250.00'),
('MF20-534', 'MASK-FULL FACE QUICK DONNING', '35', '5440.00'),
('MXP801-11', 'STOWAGE BOX ASSY', '35', '4120.00'),
('N40-1B10100-101', 'HANDSET ASSY-COCKPIT', '23', '1910.00'),
('N40-1B20212-102', 'HANDSET ASSY-CABIN', '23', '1910.00'),
('NP165312-13', 'WINDOW-SLIDING', '56', '12520.00'),
('NP165312-14', 'WINDOW-SLIDING', '56', '12520.00'),
('NP165331-1', 'WINDSHIELD-LH', '56', '12000.00'),
('NP165331-2', 'WINDSHIELD-RH', '56', '12000.00'),
('NP165333A1', 'WINDOW-FIXED', '56', '12300.00'),
('NP165333A2', 'WINDOW-FIXED', '56', '12330.00'),
('PC01502', 'TRANSFORMER-CURRENT', '24', '3140.00'),
('PC01801', 'TRANSFORMER-CURRENT', '24', '2920.00'),
('PG1152BC02', 'ADM-AIR DATA MODULE', '34', '940.00'),
('PPC1100-00', 'DETECTOR-SMOKE', '26', '3650.00'),
('PPC1200-00', 'DETECTOR-SMOKE', '25', '3650.00'),
('QA06305-01', 'FILTER ASSY-HYDRAULIC', '29', '6224.00'),
('QA07739-02', 'RESERVOIR-PRESSURE UNIT', '29', '10530.00'),
('QB0658-02', 'HOUSING-FILTER,AIR RECIRCULATION', '21', '3460.00'),
('RCF6708', 'REGULATOR TRANSMITTER-PRESSURE', '35', '9800.00'),
('RCF6717', 'REGULATOR TRANSMITTER-PRESSURE', '35', '7600.00'),
('RPCU9167-01', 'CONTROL UNIT', '21', '5440.00'),
('S4-3402180', 'VALVE-ELECTRO MANUAL SELECTOR', '52', '8190.00'),
('SB209L1A1-1484', 'ACCUMULATOR-HYDRAULIC', '29', '4560.00'),
('SC4700-5', 'SERVOACTUATOR-YAW DAMPER', '27', '48310.00'),
('SIC5059-14-20', 'COMPUTER-FUEL QUANTITY INDICATING SYSTEM', '28', '154130.00'),
('TAAI3-03CE20-01', 'SEAT-FIRST OFFICER', '25', '47420.00'),
('TAAI3-03PE20-01', 'SEAT-CAPTAIN', '25', '47420.00'),
('TY2013-11', 'HCU-HYDRAULIC CONTROL UNIT', '78', '190175.38'),
('V2T127D', 'VALVE-BUTTERFLY,AIR', '21', '10540.00'),
('V2T152D', 'VALVE-BUTTERFLY,AIR', '21', '10540.00'),
('VD3810', 'FAN-MIXED FLOW', '21', '12590.00'),
('VD3900-03', 'FAN-RECIRCULATION', '21', '12150.00'),
('VD3920', 'FAN-EXTRACTION', '21', '8050.00'),
('VFT210B00', 'VALVE-SKIN AIR', '21', '17770.00'),
('VFT300B00', 'VALVE-SKIN AIR', '21', '25240.00'),
('VG22-01', 'SENSOR-POSITION', '75', '18140.00'),
('VT061-71B', 'TRANSMITTER-CONTENTS,WATER TANK', '38', '5800.00'),
('VT442-2', 'INDICATOR-QUANTITY,WATER', '38', '3790.00'),
('VT477-2', 'INDICATOR-QUANTITY', '29', '2560.00'),
('Y192', 'TR-TRANSFORMER RECTIFIER', '24', '13510.00'),
('Z014H000333B', 'DIRECTOR-CIDS', '23', '126560.00'),
('Z033H0003112', 'DEU-DECODER ENCODER UNIT A', '23', '191410.00'),
('Z043H000351A', 'DEU-DECODER ENCODER UNIT B', '23', '191410.00'),
('Z111H0037131', 'AIP-ATTENDANT INDICATION PANEL', '23', '191410.00'),
('Z120H050830B', 'AAP-ADDITIONAL ATTENDANT PANEL', '23', '191410.00'),
('Z133H052151D', 'FAP-FLIGHT ATTENDANT PANEL', '23', '191410.00'),
('Z212H0001110', 'CONTROL UNIT', '30', '191410.00'),
('Z220H0002110', 'CONTROL UNIT', '30', '191410.00'),
('Z233H0000110', 'BOX-CONNECTION,DEU', '23', '191410.00'),
('Z233H0010110', 'BOX-CONNECTION,DEU', '23', '191410.00'),
('Z312H08GM006', 'PIP-PURSER INFORMATION PANEL', '23', '191410.00'),
('Z315H0170105', 'PSU-PASSENGER SERVICE UNIT', '23', '191410.00'),
('Z315H0370105', 'PSU-PASSENGER SERVICE UNIT', '23', '191410.00'),
('Z315H0GA0006', 'PIP-PURSER INFORMATION PANEL', '23', '191410.00'),
('Z351H0000110', 'PISA-PASSENGER INTERFACE SUPPL ADAPTER,STAND ALONE', '33', '191410.00'),
('ZCV212', 'VALVE-DOUBLE CHECK', '29', '191410.00');

-- --------------------------------------------------------

--
-- Table structure for table `shipment_order`
--

CREATE TABLE `shipment_order` (
  `id_shipment_order` int(11) NOT NULL,
  `shipment_order_date` date NOT NULL,
  `vendor` varchar(50) DEFAULT NULL,
  `address` text DEFAULT NULL,
  `created_by` varchar(50) DEFAULT NULL,
  `shipmnt_csg` varchar(1) DEFAULT NULL,
  `goods_cat` varchar(1) DEFAULT NULL,
  `shipment_mode` varchar(1) DEFAULT NULL,
  `log_service` varchar(1) DEFAULT NULL,
  `tail_no` varchar(6) DEFAULT NULL,
  `paymnt_respn` varchar(20) DEFAULT NULL
) ENGINE=InnoDB DEFAULT CHARSET=utf8mb4;

--
-- Dumping data for table `shipment_order`
--

INSERT INTO `shipment_order` (`id_shipment_order`, `shipment_order_date`, `vendor`, `address`, `created_by`, `shipmnt_csg`, `goods_cat`, `shipment_mode`, `log_service`, `tail_no`, `paymnt_respn`) VALUES
(129, '2022-09-03', '0UBE7 UNICAL AVIATION,INC.', 'UNICAL AVIATION INC.\r\n680 SOUTH LEMON AVE\r\nCITY OF INDUSTRY\r\nCA 91789 USA\r\nTEL : 909-348-1700\r\nFAX : 909-598-8091\r\nAttn : Denise Limoseputro (dlimoseputro@unical.com)', 'Gustaf Kusuma Pradana', 'a', 'a', 'a', 'a', 'PK-GTI', 'PT GMF Aeroasia'),
(130, '2022-09-03', '0UBE7 UNICAL AVIATION,INC.', 'UNICAL AVIATION INC.\r\n680 SOUTH LEMON AVE\r\nCITY OF INDUSTRY\r\nCA 91789 USA\r\nTEL : 909-348-1700\r\nFAX : 909-598-8091\r\nAttn : Denise Limoseputro (dlimoseputro@unical.com)', 'Gustaf Kusuma Pradana', 'a', 'b', 'a', 'a', 'PK-', 'PT GMF Aeroasia'),
(131, '2022-09-03', '0UBE7 UNICAL AVIATION,INC.', 'UNICAL AVIATION INC.\r\n680 SOUTH LEMON AVE\r\nCITY OF INDUSTRY\r\nCA 91789 USA\r\nTEL : 909-348-1700\r\nFAX : 909-598-8091\r\nAttn : Denise Limoseputro (dlimoseputro@unical.com)', 'Gustaf Kusuma Pradana', 'a', 'b', 'a', 'a', 'PK-', 'PT GMF Aeroasia'),
(132, '2022-09-03', '0UBE7 UNICAL AVIATION,INC.', 'UNICAL AVIATION INC.\r\n680 SOUTH LEMON AVE\r\nCITY OF INDUSTRY\r\nCA 91789 USA\r\nTEL : 909-348-1700\r\nFAX : 909-598-8091\r\nAttn : Denise Limoseputro (dlimoseputro@unical.com)', 'Gustaf Kusuma Pradana', 'a', 'b', 'a', 'a', 'PK-', 'PT GMF Aeroasia'),
(133, '2022-08-25', '0UBE7 UNICAL AVIATION,INC.', 'UNICAL AVIATION INC.\r\n680 SOUTH LEMON AVE\r\nCITY OF INDUSTRY\r\nCA 91789 USA\r\nTEL : 909-348-1700\r\nFAX : 909-598-8091\r\nAttn : Denise Limoseputro (dlimoseputro@unical.com)', 'Gustaf Kusuma Pradana', 'a', 'b', 'a', 'a', 'PK-', 'PT GMF Aeroasia'),
(134, '2022-08-25', '0UBE7 UNICAL AVIATION,INC.', 'UNICAL AVIATION INC.\r\n680 SOUTH LEMON AVE\r\nCITY OF INDUSTRY\r\nCA 91789 USA\r\nTEL : 909-348-1700\r\nFAX : 909-598-8091\r\nAttn : Denise Limoseputro (dlimoseputro@unical.com)', 'Gustaf Kusuma Pradana', 'a', 'b', 'a', 'a', 'PK-', 'PT GMF Aeroasia'),
(135, '2022-08-25', '0UBE7 UNICAL AVIATION,INC.', 'UNICAL AVIATION INC.\r\n680 SOUTH LEMON AVE\r\nCITY OF INDUSTRY\r\nCA 91789 USA\r\nTEL : 909-348-1700\r\nFAX : 909-598-8091\r\nAttn : Denise Limoseputro (dlimoseputro@unical.com)', 'Gustaf Kusuma Pradana', 'a', 'b', 'a', 'a', 'PK-', 'PT GMF Aeroasia');

-- --------------------------------------------------------

--
-- Table structure for table `vendor_database`
--

CREATE TABLE `vendor_database` (
  `vendor` varchar(50) NOT NULL,
  `address1` text DEFAULT NULL,
  `address2` text DEFAULT NULL
) ENGINE=InnoDB DEFAULT CHARSET=utf8mb4;

--
-- Dumping data for table `vendor_database`
--

INSERT INTO `vendor_database` (`vendor`, `address1`, `address2`) VALUES
('09MS4 INERTIAL AIRLINE SERVICES, INC', 'Inertial Aerospace Services\r\n\r\n375 Alpha Park,\r\nHighland Heights, OH 44143,\r\n\r\nJohn Comer - Technical Sales\r\nPhone : +1-440-995-6555', ''),
('0DAT4 INTERAERO,INC.', 'Interaero Inc.\r\n31192 La baya Dr. Unit D\r\nWestlake Village, CA 91362\r\nUSA\r\n\r\nAttn: Matthew Hale, \r\nTel: 818-879-5191', ''),
('0UBE7 UNICAL AVIATION,INC.', 'UNICAL AVIATION INC.\r\n680 SOUTH LEMON AVE\r\nCITY OF INDUSTRY\r\nCA 91789 USA\r\nTEL : 909-348-1700\r\nFAX : 909-598-8091\r\nAttn : Denise Limoseputro (dlimoseputro@unical.com)', ''),
('0YX11 GLOBAL AIRTECH', 'GLOBAL AIRTECH\r\n10975 NW 29th Street\r\nDoral, FL 33172\r\nUSA\r\nContact: LINGLING\r\nPHONE: 818-933-6100X6950', ''),
('1T054 JET INTERNATIONAL COMPANY, LLC', 'Jet International\r\n1919 Stanley Street\r\nNorthbrook, IL 60062\r\nUSA\r\n\r\nContact : abenedetti@jetinternational.com\r\nPhone : 847-657-8666\r\nFAX : 847-657-9197', ''),
('4D7M2 AMETEK MRO FLORIDA Inc.', 'Ametek Singapore Pte Ltd\r\nNo. 43 Changi South Avenue 2 #04-01\r\nSingapore 486164\r\nContact Person: Eileen Ng\r\nTel: +65 6505.9047', ''),
('5DWB7 ALARIS AEROSPACE SYSTEM, LLC', 'Alaris Aerospace systems LLC\r\n1721 Blount Road, Suite 1, \r\nPompano Beach, FL 33069, USA\r\nAttn : Jatin Rajpal', ''),
('5XQV2 Hawk Aviation Europe Ltd', 'Attn: Thanos Polyzos\r\nTel: +44 208 570 1219 \r\nMobile: +44 7490 484842 \r\nEmail: thanos@hawkaviation.com\r\nHawk Aviation Europe Ltd\r\n975 Shotgun Road Sunrise- Flordia\r\nUSA\r\npostal code : 33326 \r\nUS', ''),
('6SLR8 AAR Supply Chain, Inc', 'AAR International\r\nBerliner Allee 51-53\r\n30855 Langenhagen\r\nHannover , Germany\r\n\r\nAttn: John Haywood\r\nTel: +49 511 97825200', ''),
('7NDG7 FADEC ALLIANCE c/o BAE Systems Cont', 'FADEC ALLIANCE\r\nPhone : +33 1 58 11 28 25\r\n\r\nFADEC Alliance in care of SAFRAN Electronics & Defense\r\n11-13 Rue Amp?re\r\n91344 Massy Cedex ? France', ''),
('7X000 HONEYWELL INTERNATIONAL INC', 'Attn\r\nEvelyn Lin\r\nCustomer Support Representative\r\nPhone: 400-821-0284; 9; Extension 8088\r\n86-0571-87930443\r\nPhoenix (R&O) Aftermarket\r\n1944 E. Sky Harbor Circle\r\nPhoenix, Arizona, 85034\r\nUnited States', ''),
('97896 HONEYWELL INTERNATIONAL INC', 'Honeywell International Sarl\r\nc/o Honeywell Aerospace S.A.S.\r\n4 AVENUE SAINT-GRANIER,TOULOUSE,31024\r\nFR', ''),
('C1008 LUFTHANSA TECHNIK AG', 'Lufthansa Technik AG\r\nCo: Lufthansa Technik Logistik Services GmbH\r\nWeg beim Jager 193, Building 211\r\n22335 Hamburg, Germany\r\nAttn. HAM UE/SI ? Return after Loan', ''),
('F1787 SOCIETE AIR FRANCE', 'AIR FRANCE INDUSTRIES,\r\nUnserviceable Materials – RD32 Arrêt 37U , \r\n100 Avenue Didier Daurat, \r\n94290 Villeneuve Le Roi, France\r\n\r\nAttn :  Michel Furic | mail.afi.repairs@airfrance.fr', 'SOCIETE AIR FRANCE (AIR FRANCE INDUSTRIES)\r\nC/O SCHENKER SINGAPORE PTE LTD\r\nNo.51 ALPS AVENUE, #05-06\r\nSINGAPORE 498783\r\n\r\nAttn : Mohammad Shahrul, \r\nTel: +65 6246 0771'),
('F1958 LIEBHERR-Singapore Pte Ltd', 'Liebherr-Singapore Pte Ltd\r\n8 Pandan Avenue,\r\nSingapore 609 384. ', ''),
('F3700 SAFRAN NACELLES', 'Delivery Address :\r\nContact: Elizabeth EUDE\r\n\r\nSafran Nacelles\r\nZI de Saint Ulfrant\r\n27500 Pont-Audemer\r\nFRANCE', ''),
('FA1W8 ANTAVIA Ametek MRO', 'ANTAVIA SAS\r\nwidhi suyanto\r\nwidhi.suyanto@solutionaeroservices.com\r\n+33 (0) 5 63025249\r\nZAD GRAND SUD LOGISTIQUE\r\n15 rue Sepat\r\nZIP?82370\r\nCAMPSAS\r\nFRANCE', ''),
('GI003?Sabena?Brussel', 'Sabena technics BOD\r\nA?roport de Bordeaux-M?rignac\r\n19, rue Marcel Issartier\r\nCS 50008 - 33693 M?rignac Cedex ? France\r\n\r\nPhone : +33 (0)5 56 55 40 00', ''),
('GI052 AERO DIRECT, INC', 'ATTN Ed Choe\r\nPhone?224-588-4122\r\n\r\nAeroDirect\r\n860 Chaddick Drive\r\nBLDG A\r\nWheeling, IL 60090\r\nUnited States', ''),
('GI098 KILLICK AEROSPACE, LTD', 'Killick Aerospace Ltd.\r\nUnit B2 Airport Business Park\r\nCloghran\r\nCo. Dublin\r\nIreland', ''),
('GI195 PHS / MWA AVIATION SERVICES', 'PHS/MWA Aviation Services\r\n42355 Rio Nedo Road\r\nTemecula, CA 92590\r\nUSA\r\nAttn: Erlend Scheers\r\nCell: +1 954 471 0244\r\nThai Cell: +66 88 491 3492\r\nerlend.scheers@wencor.com', ''),
('GI341 STA SUPPLIES  PTE LTD', 'ST Aerospace Supplies Pte Ltd\r\n600 West Camp Road\r\nSingapore 797654\r\n\r\nAttn : Benjamin Cheok\r\nTel: (65) 6771 5265 ', ''),
('GI383 CSI AEROSPACE, INC', 'CSI AEROSPACE, INC\r\n\r\n2020 W Detroit St, Broken Arrow,\r\nOK 74012\r\nUSA\r\n\r\nAttn : Justin Ferrell - Senior Director\r\nPhone : +1 918 994 4251\r\njferrell@csiaerospace.com\r\nwww.heico.com/csi', ''),
('GI394 TURKISH AIRLINES TECHNIC', 'ATTN: Muhammed Sadik ?akir\r\n\r\nCore return ?\r\nPhone: (+90 212) 463 63 63\r\nExt.29405\r\nTURKISH AIRLINES TECHNIC INC.\r\nAtaturk International Airport, Gate B\r\n34149 Yesilkoy ? Istanbul / TURKEY', ''),
('GI415 Bre\'al Products', 'Bre?al Products\r\n3480 N. San Marcos Place\r\nChandler, AZ 85225\r\nP: (480)558-9501 ?\r\nF: (480)558-9502\r\n\r\nBurton Allen\r\nburt@brealproducts.com', ''),
('GI527 DIEHL AEROSPACE PTE LTD', 'DIEHL Aerospace Pte. Ltd.\r\n28 Changi North Rise\r\nSingapore 498755\r\n\r\nAttn: Diehl Repair Administrator', ''),
('GI528 SINGAPORE COMPONENT SOLUTION PTE LT', 'Singapore component solutions\r\n\r\n11 seletar aerospace lane\r\nSingapore 797440\r\n\r\nAttn : Chee Ann Fung \r\nPhone : +65 98520284', ''),
('GI569 Honeywell Int. Sdn Bhd - Gul Circle', 'Honeywell Int. SDN. BHD\r\nc/oHoneywell Aerospace \r\nSingapore Pte Ltd \r\n161 GUL CIRCLE \r\nSINGAPORE, SG 629619 \r\nSG', ''),
('GI759 AERO TRADE LLC DBA SETNA IO', 'SETNA IO\r\n\r\n2900 W CHICAGO AVE\r\nCHICAGO, IL 60622\r\nUSA\r\n\r\nCONTACT : MATT BROWN\r\nPHONE : 312-940-4142', ''),
('KB335 A.J. WALTER AVIATION', 'AJW GROUP\r\nThe Headquarters,\r\nMaydwell Avenue,\r\nSlinfold,\r\nWest Sussex,\r\nRH13 0AS,\r\nUnited Kingdom\r\n\r\nAttn : Byron Napper\r\nPhone : 44 1403 798363', ''),
('KCNP7 AVTRADE,LTD.', 'Avtrade Limited\r\nGlobal Headquarters\r\nSayers Common\r\nWest Sussex\r\nBN6 9JQ\r\nEngland\r\n\r\nAttn\r\nLina Kamar \r\nTel: +65 6542 7889\r\n44 (0) 1273 833 330', ''),
('QA104 ST ENGINEERING AEROSPACE SYSTEM PTE', 'ST ENGINEERING AEROSPACE SYSTEMS PTE LTD,\r\n505A AIRPORT ROAD, PAYA LEBAR,\r\nSINGAPORE 539934\r\n\r\nAttn: Kelvin FONG\r\nTel: +65 63804602 (Office)', ''),
('QB194 THALES SOLUTIONS ASIA PTE LTD', 'THALES SOLUTIONS ASIA PTE LTD\r\n\r\n28 Changi North Rise\r\nSingapore 498755\r\n\r\nAttn : Joyann Tan - Customer Experience Manager\r\nPhone : +65 6424 7150 / Mob.: +65 8332 8580\r\nFax.: +65 6424 7102', ''),
('QB623 Honeywell International Sdn Bhd', 'Honeywell Int. SDN. BHD\r\nc/oHoneywell Aerospace Singapore Pte Ltd \r\n\r\n2 Loyang Crescent \r\nSINGAPORE,SG 508976 \r\nSG', ''),
('QC054 SAFRAN AEROSYSTEM SERVICE ASIA PTE', 'Safran Aerosystem Services Asia\r\n\r\n36 Loyang Drive\r\nSingapore 508949\r\n\r\nAttn : Karen TAI - Customer Service Representative \r\nD +65 65792268 \r\nT+65 65792230 \r\nF +65 65792231\r\nEmail: karen.tai@safrangroup.com', ''),
('QC287 HONEYWELL AEROSPACE SG PTE LTD', 'Honeywell International Sdn Bhd\r\nC/O Honeywell Aerospace Singapore Pte. Ltd.\r\n\r\n161 Gul Circle\r\nSingapore, 629619', ''),
('SB968 SR TECHNICS SWITZERLAND', 'SR Technics UK Ltd.\r\nLondon Logistics Centre\r\n675 River Gardens\r\nFeltham Middlesex\r\nGreater London\r\nTW14 0RB\r\n\r\nAttn\r\nSasa Delic\r\n Tel. +381114405658\r\nE-Mail: sasa.delic@srtechnics.com', ''),
('SCD13 GUANGZHOU HANGXIN AVIONICS CO LTD', 'Guangzhou Hangxin Avionics Co., LTD.\r\nNo.1, Guangbao Road, Science City, Luogang\r\nDistrict,Guangzhou 510663, China\r\nAttn: Repair Services\r\nEmail: Logistics@hangxin.com,\r\nRepairs@hangxin.com\r\nTel:+86 20 66350731, Fax:+86 20 8557073', ''),
('SCY35 HONEYWELL INTERNATIONAL SARL', 'Honeywell International SARL - HAT\r\nc/o Honeywell Aerospace UK\r\nUnit 2 CHEVRON, EATON ROAD\r\nHemel Hempstead, HP2 7UB\r\nUnited Kingdom\r\n\r\nAttn : Joanne Czarnecki\r\nphone 602-366-4827 \r\nfax 602-436-5144', ''),
('U0HE7 AEROTRON LIMITED', 'AEROTRON LIMITED\r\nWestley House\r\nRH10 9GA\r\nCRAWLEY\r\nUNITED KINGDOM', '');

--
-- Indexes for dumped tables
--

--
-- Indexes for table `admins`
--
ALTER TABLE `admins`
  ADD PRIMARY KEY (`id`);

--
-- Indexes for table `master_order`
--
ALTER TABLE `master_order`
  ADD PRIMARY KEY (`id_order`),
  ADD KEY `part_number` (`part_number`),
  ADD KEY `part_number_2` (`part_number`),
  ADD KEY `vendor` (`vendor`),
  ADD KEY `part_number_3` (`part_number`,`vendor`),
  ADD KEY `vendor_2` (`vendor`);

--
-- Indexes for table `pn_database`
--
ALTER TABLE `pn_database`
  ADD PRIMARY KEY (`part_number`);

--
-- Indexes for table `shipment_order`
--
ALTER TABLE `shipment_order`
  ADD PRIMARY KEY (`id_shipment_order`);

--
-- Indexes for table `vendor_database`
--
ALTER TABLE `vendor_database`
  ADD PRIMARY KEY (`vendor`);

--
-- AUTO_INCREMENT for dumped tables
--

--
-- AUTO_INCREMENT for table `admins`
--
ALTER TABLE `admins`
  MODIFY `id` int(11) NOT NULL AUTO_INCREMENT, AUTO_INCREMENT=3;

--
-- AUTO_INCREMENT for table `master_order`
--
ALTER TABLE `master_order`
  MODIFY `id_order` int(100) NOT NULL AUTO_INCREMENT, AUTO_INCREMENT=55;

--
-- AUTO_INCREMENT for table `shipment_order`
--
ALTER TABLE `shipment_order`
  MODIFY `id_shipment_order` int(11) NOT NULL AUTO_INCREMENT, AUTO_INCREMENT=136;

--
-- Constraints for dumped tables
--

--
-- Constraints for table `master_order`
--
ALTER TABLE `master_order`
  ADD CONSTRAINT `master_order_ibfk_1` FOREIGN KEY (`part_number`) REFERENCES `pn_database` (`part_number`),
  ADD CONSTRAINT `master_order_ibfk_2` FOREIGN KEY (`vendor`) REFERENCES `vendor_database` (`vendor`);
COMMIT;

/*!40101 SET CHARACTER_SET_CLIENT=@OLD_CHARACTER_SET_CLIENT */;
/*!40101 SET CHARACTER_SET_RESULTS=@OLD_CHARACTER_SET_RESULTS */;
/*!40101 SET COLLATION_CONNECTION=@OLD_COLLATION_CONNECTION */;
